reward_mean,latency_mean,latency_p95,latency_p05,energy_mean,energy_p05,energy_p95,psnr_mean,psnr_p05,psnr_p95,ymse_mean,ymse_p05,ymse_p95,stall_total,offload_ratio,5G_ratio,4G_ratio,WiGig_ratio,quality_0_ratio,quality_1_ratio,quality_2_ratio,quality_3_ratio,quality_4_ratio,quality_5_ratio,quality_6_ratio,stall_time_mean,stall_time_p05,stall_time_p95,deadline_violation,policy,seed,verbose,num_episodes,num_users,video_id,user_id,device_proc_speed,device_cpu_freq,edge_proc_speed,weights,csv_log,tensorboard,save_model,load_model,w0,w1,w2
16.375636794943812,0.5469377460651499,0.6585126370311888,0.48335854772477066,1.1243037845019441,0.57702886272,2.8366406746112163,48.5976555622128,47.87109770798851,50.193120686755265,0.9282264939779257,0.6393510489000214,1.0665854871273042,0.7099274236193289,0.2638888888888889,0.09722222222222222,0.0,0.16666666666666666,0.0,0.0,0.0,0.25,0.75,0.0,0.0,0.7099274236193289,0.67753977413895,0.7423150730997078,0.0,Optimal,42,True,1,2,2,0,200000000.0,2400000000.0,12000000000.0,"[0.35, 0.85, 0.15]",/home/b502b586/workspaces/vr-streaming/results/ppg-exp,False,True,False,0.35,0.85,0.15
16.310940803582348,0.32123878759622737,0.4868222853372225,0.24466719726615194,1.3656153521830234,1.0256117456976839,2.1119242065175015,48.14083236697729,47.81930261873518,49.00434099516195,1.016840822585606,0.8662626650598314,1.082431415716807,0.3154259247433334,1.0,0.0,0.0,1.0,0.0,0.0,0.0,0.0,1.0,0.0,0.0,0.3154259247433334,0.301460467748661,0.32939138173800586,0.013888888888888888,PPG,42,True,1000,2,2,0,200000000.0,2400000000.0,12000000000.0,"[0.35, 0.85, 0.15]",/home/b502b586/workspaces/vr-streaming/results/ppg-exp,False,True,False,0.35,0.85,0.15
16.370121079957286,0.5664618045433955,0.6844706617944512,0.50418099,1.28131980097528,0.5808165004800001,2.8936886793999816,48.696604525615605,47.89615622791776,50.26848374801222,0.9105903559979238,0.629708938466178,1.0628980795542398,0.7315123516193289,0.3055555555555556,0.0,0.0,0.3055555555555556,0.0,0.0,0.0,0.3055555555555556,0.6944444444444444,0.0,0.0,0.7315123516193289,0.69912470213895,0.7639000010997078,0.0,CPPG,42,True,2000,2,2,0,200000000.0,2400000000.0,12000000000.0,"[0.35, 0.85, 0.15]",/home/b502b586/workspaces/vr-streaming/results/ppg-exp,False,True,False,0.35,0.85,0.15
14.812477153538653,0.8324214853138069,1.73899821542877,0.5564280017873038,3.3492075233303407,2.3411535515428668,7.139190964276345,49.99102213360692,49.70239226522206,51.16507811493891,0.6618341682852191,0.5249812013573116,0.6985862334569295,0.7315123516193289,1.0,0.013888888888888888,0.0,0.9861111111111112,0.0,0.0,0.013888888888888888,0.9861111111111112,0.0,0.0,0.0,0.7315123516193289,0.69912470213895,0.7639000010997078,0.09722222222222222,EGreedy,42,True,1000,2,2,0,200000000.0,2400000000.0,12000000000.0,"[0.35, 0.85, 0.15]",/home/b502b586/workspaces/vr-streaming/results/ppg-exp,False,True,False,0.35,0.85,0.15
14.790158456526068,1.0513741282174565,1.29013848,0.6351127378849077,1.855581153138554,1.27829415168,2.884706525200772,49.96071426867785,49.70239226522206,50.76748209796567,0.6656234834647614,0.5713818165991041,0.6985862334569295,3.8689633600638693,0.3055555555555556,0.0,0.0,0.3055555555555556,0.0,0.0,0.0,1.0,0.0,0.0,0.0,3.8689633600638693,1.077645101944162,6.660281618183577,0.6944444444444444,PPO,42,True,1000,2,2,0,200000000.0,2400000000.0,12000000000.0,"[0.35, 0.85, 0.15]",/home/b502b586/workspaces/vr-streaming/results/ppg-exp,False,True,False,0.35,0.85,0.15
16.477373756619055,0.5733760527254047,0.6949416919039088,0.48339944923375633,1.795413034024471,0.5841121075200001,2.9573513456010563,49.240158161540904,47.94953072940934,50.559822223403785,0.8036965935160874,0.597909848363101,1.048508099241862,0.6848829659445749,0.6111111111111112,0.20370370370370372,0.0,0.40740740740740744,0.0,0.0,0.0,0.601851851851852,0.39814814814814814,0.0,0.0,0.6848829659445749,0.677800623874657,0.6897885195086157,0.0,Optimal,42,True,1,3,2,0,200000000.0,2400000000.0,12000000000.0,"[0.35, 0.85, 0.15]",/home/b502b586/workspaces/vr-streaming/results/ppg-exp,False,True,False,0.35,0.85,0.15
16.5151206579719,0.5615684726091317,0.7215799466985311,0.37388038630420173,2.0912968694721448,1.2680085752842656,2.966924447157392,49.44613825745852,48.798664491409916,50.42010062115298,0.7625867569870559,0.6125044468573476,0.8805098861455918,0.5851929550751233,0.7847222222222222,0.3263888888888889,0.0,0.45833333333333337,0.0,0.0,0.0,0.7152777777777778,0.2847222222222222,0.0,0.0,0.5851929550751233,0.3773362334337152,0.6868933968820548,0.0,Optimal,42,True,1,4,2,0,200000000.0,2400000000.0,12000000000.0,"[0.35, 0.85, 0.15]",/home/b502b586/workspaces/vr-streaming/results/ppg-exp,False,True,False,0.35,0.85,0.15
16.304076251258053,0.53306128,0.57228714,0.48902292,0.61408659456,0.56335440384,0.65927478528,48.14083236697729,47.81930261873518,49.00434099516195,1.016840822585606,0.8662626650598314,1.082431415716807,0.55844136,0.0,0.0,0.0,0.0,0.0,0.0,0.0,0.0,1.0,0.0,0.0,0.55844136,0.55844136,0.55844136,0.0,PPG,42,True,1000,3,2,0,200000000.0,2400000000.0,12000000000.0,"[0.35, 0.85, 0.15]",/home/b502b586/workspaces/vr-streaming/results/ppg-exp,False,True,False,0.35,0.85,0.15
16.297257128728624,0.5209907058704106,0.57228714,0.4031872561026953,0.617050728841848,0.5687769298691268,0.6768397485645755,48.09330525155643,47.60221276208611,48.89155170222396,1.0298088189085255,0.8834086040655772,1.1539069767509187,0.55844136,0.034722222222222224,0.0,0.0,0.034722222222222224,0.0,0.0,0.0,0.0,0.9652777777777778,0.034722222222222224,0.0,0.55844136,0.55844136,0.55844136,0.0,PPG,42,True,1000,4,2,0,200000000.0,2400000000.0,12000000000.0,"[0.35, 0.85, 0.15]",/home/b502b586/workspaces/vr-streaming/results/ppg-exp,False,True,False,0.35,0.85,0.15
16.358190830103908,0.48639297329887704,0.6255528428985273,0.4070889299448273,1.006857506264947,0.56363599872,1.7060121753245665,48.35043852385055,47.8507514385194,49.34737478545535,0.9766032612460421,0.7953319638599584,1.0738595532046424,0.5253273564501963,0.35185185185185186,0.0,0.0,0.35185185185185186,0.0,0.0,0.0,0.12037037037037036,0.8703703703703703,0.009259259259259259,0.0,0.5253273564501963,0.33121508608792566,0.6962598243276044,0.0,CPPG,42,True,3000,3,2,0,200000000.0,2400000000.0,12000000000.0,"[0.35, 0.85, 0.15]",/home/b502b586/workspaces/vr-streaming/results/ppg-exp,False,True,False,0.35,0.85,0.15
13.466896740273901,0.8533207907170776,1.7087213013668912,0.17336533693267783,2.058188291608573,0.5922063318599999,6.13799828994,46.614263639270064,45.240663481067486,47.889164080413025,1.4874615034150906,1.1222833701857813,2.001761292086707,4.738560099796488,1.0,0.7222222222222222,0.25,0.027777777777777776,0.0,0.0,0.009259259259259259,0.018518518518518517,0.0,0.7222222222222222,0.25,4.738560099796488,1.6184487548598385,8.647063077637688,0.4074074074074074,EGreedy,42,True,1000,3,2,0,200000000.0,2400000000.0,12000000000.0,"[0.35, 0.85, 0.15]",/home/b502b586/workspaces/vr-streaming/results/ppg-exp,False,True,False,0.35,0.85,0.15
15.497623134416562,0.8472283649446014,1.2159266485956284,0.5456933743306849,2.3365982412725974,1.5466918439885478,3.0144914805463565,49.96071426867784,49.702392265222066,50.76748209796566,0.6656234834647614,0.5713818165991041,0.6985862334569295,2.075155035472616,0.7314814814814815,0.25925925925925924,0.0,0.47222222222222227,0.0,0.0,0.0,1.0,0.0,0.0,0.0,2.075155035472616,0.7681294006291022,3.9282222191469613,0.32407407407407407,PPO,42,True,1000,3,2,0,200000000.0,2400000000.0,12000000000.0,"[0.35, 0.85, 0.15]",/home/b502b586/workspaces/vr-streaming/results/ppg-exp,False,True,False,0.35,0.85,0.15
15.508157654086478,0.5343470691776135,0.9470464530024356,0.3001110507672431,0.8804076320908543,0.455823952245,1.6665328918886628,47.43051512354381,46.28667763407513,49.15922546752434,1.269595224254801,0.8461050281922023,1.6157405729804717,0.5797400648738738,0.4375,0.3333333333333333,0.0,0.10416666666666667,0.0,0.0,0.0,0.16666666666666669,0.25,0.35416666666666663,0.22916666666666669,0.5797400648738738,0.29202267600000004,1.0536749045711709,0.041666666666666664,CPPG,42,True,4000,4,2,0,200000000.0,2400000000.0,12000000000.0,"[0.35, 0.85, 0.15]",/home/b502b586/workspaces/vr-streaming/results/ppg-exp,False,True,False,0.35,0.85,0.15
8.385660597581255,1.3121561264347383,2.563781188943528,0.2337841185342512,1.2729637168373151,0.9095944697053591,1.125006659865,48.182035784257565,47.655069001630835,49.515697869161556,1.0249199508841005,0.7831688869330619,1.136970197657744,17.914218589183044,0.9930555555555556,0.9722222222222222,0.0,0.020833333333333332,0.006944444444444444,0.0,0.006944444444444444,0.0,0.9652777777777778,0.0,0.020833333333333332,17.914218589183044,11.787189465850307,27.271357885442587,0.3472222222222222,EGreedy,42,True,1000,4,2,0,200000000.0,2400000000.0,12000000000.0,"[0.35, 0.85, 0.15]",/home/b502b586/workspaces/vr-streaming/results/ppg-exp,False,True,False,0.35,0.85,0.15
15.030128493095969,0.8981193081560715,1.3216015304528757,0.5723944812817384,2.609787987047647,1.9335370923161932,2.9832276171789793,49.96071426867785,49.70239226522206,50.76748209796567,0.6656234834647614,0.5713818165991041,0.6985862334569295,3.6609550075842647,0.7916666666666667,0.2638888888888889,0.0,0.5277777777777778,0.0,0.0,0.0,1.0,0.0,0.0,0.0,3.6609550075842647,0.7354544461530141,8.368384599987325,0.2708333333333333,PPO,42,True,1000,4,2,0,200000000.0,2400000000.0,12000000000.0,"[0.35, 0.85, 0.15]",/home/b502b586/workspaces/vr-streaming/results/ppg-exp,False,True,False,0.35,0.85,0.15
16.46547210270291,0.5356601518111165,0.6760616199503866,0.3805663252250117,1.6204372166607837,0.5882073292800001,2.8845350953695332,49.039568040689936,47.909901338253995,50.62632651678196,0.8448073761575996,0.5894379958557704,1.0594871413707734,0.5843191739416315,0.5444444444444445,0.25555555555555554,0.0,0.28888888888888886,0.0,0.0,0.0,0.49444444444444435,0.5055555555555555,0.0,0.0,0.5843191739416315,0.39555347356745096,0.6952241635929136,0.0,Optimal,42,True,1,5,2,0,200000000.0,2400000000.0,12000000000.0,"[0.35, 0.85, 0.15]",/home/b502b586/workspaces/vr-streaming/results/ppg-exp,False,True,False,0.35,0.85,0.15
16.557371440212645,0.5889592670568744,0.7541667095105832,0.41559035307599007,2.4238014965487555,1.2672340804808118,2.9784028848327697,49.77587726198087,48.68654293181768,50.717240057127704,0.7009301589104376,0.5778098902216663,0.9014292705153663,0.6307031145947387,0.9490740740740741,0.36111111111111116,0.0,0.5879629629629629,0.0,0.0,0.0,0.898148148148148,0.10185185185185186,0.0,0.0,0.6307031145947387,0.42555256160989746,0.7326197327872862,0.0,Optimal,42,True,1,6,2,0,200000000.0,2400000000.0,12000000000.0,"[0.35, 0.85, 0.15]",/home/b502b586/workspaces/vr-streaming/results/ppg-exp,False,True,False,0.35,0.85,0.15
16.346770080464008,0.4678154743579103,0.6225469993074881,0.28759609011428877,0.8430099657020629,0.5838871080960001,1.63631906678882,48.2024706529244,47.824508894744724,49.60526668459257,1.0044630051314445,0.7489058766100142,1.080649633804957,0.3650881796206866,0.3055555555555555,0.10555555555555556,0.0,0.2,0.0,0.0,0.0,0.03333333333333334,0.9666666666666666,0.0,0.0,0.3650881796206866,0.28493990973463273,0.5216044234340718,0.0,PPG,42,True,1000,5,2,0,200000000.0,2400000000.0,12000000000.0,"[0.35, 0.85, 0.15]",/home/b502b586/workspaces/vr-streaming/results/ppg-exp,False,True,False,0.35,0.85,0.15
16.573453671856175,0.5648685928864237,0.6914444280104508,0.41099221249954127,2.2644862186594374,1.2689907541006609,2.851675601686165,49.695042596024436,48.82296896497113,50.635493432754174,0.7160327075542828,0.587667943828951,0.8734344473906928,0.612487488415991,0.884920634920635,0.3531746031746032,0.0,0.5317460317460317,0.0,0.0,0.0,0.8531746031746031,0.1468253968253968,0.0,0.0,0.612487488415991,0.4108447315859647,0.7088385607584798,0.0,Optimal,42,True,1,7,2,0,200000000.0,2400000000.0,12000000000.0,"[0.35, 0.85, 0.15]",/home/b502b586/workspaces/vr-streaming/results/ppg-exp,False,True,False,0.35,0.85,0.15
16.562202483952497,0.5580210561523334,0.6990093062478193,0.3840980372229717,2.206728866791897,0.6762232539375,2.8531766085209136,49.621513462002184,48.13162770740481,50.5668692242063,0.7301118640076898,0.59508351618769,1.0115622147917749,0.6135515479780774,0.8576388888888888,0.3611111111111111,0.0,0.49652777777777773,0.0,0.0,0.0,0.8125,0.1875,0.0,0.0,0.6135515479780774,0.4255101208535762,0.7046788515243348,0.0,Optimal,42,True,1,8,2,0,200000000.0,2400000000.0,12000000000.0,"[0.35, 0.85, 0.15]",/home/b502b586/workspaces/vr-streaming/results/ppg-exp,False,True,False,0.35,0.85,0.15
16.12069829599944,0.47633266089777787,0.7171643916489527,0.2670030251415913,1.1677516748652967,0.36173924352,2.5191895043987085,48.15605991606365,46.76804570007542,49.473861417440666,1.0319983541965485,0.7565886987396229,1.3906548404977437,0.35162627512133504,0.425925925925926,0.13425925925925927,0.0,0.2916666666666667,0.0,0.0,0.0,0.1759259259259259,0.6018518518518517,0.2222222222222222,0.0,0.35162627512133504,0.3300044143371191,0.3890662438271901,0.023148148148148147,PPG,42,True,1000,6,2,0,200000000.0,2400000000.0,12000000000.0,"[0.35, 0.85, 0.15]",/home/b502b586/workspaces/vr-streaming/results/ppg-exp,False,True,False,0.35,0.85,0.15
16.188584811747564,0.5289400177763997,0.7231106620580914,0.3467344463361157,0.9591158042239983,0.56335440384,2.0638926962786996,48.37596223160363,47.837039535506484,49.66522363976465,0.9731162887714547,0.741005122488138,1.077655334983553,0.5814001916133436,0.2777777777777778,0.15079365079365079,0.0,0.126984126984127,0.0,0.0,0.0,0.1468253968253968,0.8333333333333333,0.019841269841269844,0.0,0.5814001916133436,0.33716568463350155,0.7991702805078814,0.023809523809523808,PPG,42,True,1000,7,2,0,200000000.0,2400000000.0,12000000000.0,"[0.35, 0.85, 0.15]",/home/b502b586/workspaces/vr-streaming/results/ppg-exp,False,True,False,0.35,0.85,0.15
16.26859834020103,0.5018158759410606,0.7160193171787597,0.2942513304648169,0.8425415447372728,0.3483776303999999,2.390631825521732,48.06149447560434,46.74867737139113,49.55561958501555,1.0450046276455764,0.7333388653066423,1.4069491736945652,0.8044419864998034,0.16319444444444445,0.0,0.0,0.16319444444444445,0.0,0.0,0.0,0.1076388888888889,0.71875,0.13194444444444445,0.041666666666666664,0.8044419864998034,0.7470349049693917,0.8557733475243349,0.0,PPG,42,True,1000,8,2,0,200000000.0,2400000000.0,12000000000.0,"[0.35, 0.85, 0.15]",/home/b502b586/workspaces/vr-streaming/results/ppg-exp,False,True,False,0.35,0.85,0.15
15.666510675312315,0.38787330956015836,0.5631687004539185,0.192146765794941,0.6480397396508641,0.371118332676,1.3097132386057866,47.06535529037372,45.808528321782944,48.29627407143398,1.3447927451788992,1.0097405483703765,1.77252692426954,0.4008184182253733,0.35,0.16111111111111112,0.0,0.18888888888888888,0.0,0.0,0.0,0.0,0.3722222222222222,0.3888888888888889,0.23888888888888887,0.4008184182253733,0.28506858815194297,0.5428998549498525,0.027777777777777776,CPPG,42,True,5000,5,2,0,200000000.0,2400000000.0,12000000000.0,"[0.35, 0.85, 0.15]",/home/b502b586/workspaces/vr-streaming/results/ppg-exp,False,True,False,0.35,0.85,0.15
15.152364520984065,0.4093101471404563,0.9420776856089521,0.26493772679204214,1.2525176570022112,0.309072112128,4.052488894133626,46.978148735191986,45.206712723879434,48.46625010575243,1.4120597004809845,0.9700991408345561,2.0088219165802004,0.284436,0.47777777777777775,0.01111111111111111,0.0,0.4666666666666666,0.0,0.005555555555555555,0.0,0.005555555555555555,0.4722222222222222,0.005555555555555555,0.5111111111111111,0.284436,0.284436,0.284436,0.044444444444444446,EGreedy,42,True,1000,5,2,0,200000000.0,2400000000.0,12000000000.0,"[0.35, 0.85, 0.15]",/home/b502b586/workspaces/vr-streaming/results/ppg-exp,False,True,False,0.35,0.85,0.15
15.251506246572475,0.5551425297264542,1.16640789050856,0.2669014411142714,1.1703566646391546,0.38659787136,3.307343036569229,47.54718311102255,46.40193340049876,49.34880039732237,1.2130470831102653,0.7959660319634426,1.5370366586579216,1.4522675640180822,0.6111111111111112,0.3981481481481482,0.0,0.21296296296296294,0.0,0.0,0.0,0.12037037037037036,0.3333333333333333,0.47222222222222215,0.07407407407407407,1.4522675640180822,0.43806970209742646,2.7712147746185263,0.1111111111111111,CPPG,42,True,6000,6,2,0,200000000.0,2400000000.0,12000000000.0,"[0.35, 0.85, 0.15]",/home/b502b586/workspaces/vr-streaming/results/ppg-exp,False,True,False,0.35,0.85,0.15
14.471072999671138,0.47035214932497854,0.34386999,0.30647213999999995,0.5466464727700001,0.35305590527999997,0.39613822847999997,46.81413532810493,46.38093665483791,47.6563000107022,1.4001478726122043,1.1756435578619995,1.5082550625006357,3.491708253333332,0.004629629629629629,0.0,0.004629629629629629,0.0,0.004629629629629629,0.0,0.0,0.0,0.004629629629629629,0.9907407407407408,0.0,3.491708253333332,0.33501384,14.540138699999996,0.009259259259259259,EGreedy,42,True,1000,6,2,0,200000000.0,2400000000.0,12000000000.0,"[0.35, 0.85, 0.15]",/home/b502b586/workspaces/vr-streaming/results/ppg-exp,False,True,False,0.35,0.85,0.15
15.23663813093637,0.896826561845043,1.378245254020991,0.5858744267639056,2.5391650636179515,1.742105008808064,4.583557529306846,49.96071426867785,49.70239226522206,50.76748209796567,0.6656234834647614,0.5713818165991041,0.6985862334569295,2.343857126484535,0.7166666666666666,0.25,0.0,0.4666666666666666,0.0,0.0,0.0,1.0,0.0,0.0,0.0,2.343857126484535,0.6820749872814393,6.743337198323002,0.35,PPO,42,True,1000,5,2,0,200000000.0,2400000000.0,12000000000.0,"[0.35, 0.85, 0.15]",/home/b502b586/workspaces/vr-streaming/results/ppg-exp,False,True,False,0.35,0.85,0.15
14.653164424374912,0.6065498921568161,1.26272750808566,0.23830167802272675,0.8121708361797371,0.5903092194151714,1.0754204071971427,47.28197936602415,46.355970094416655,48.48406151642953,1.2964378105717562,0.9937724540157925,1.5803016603398485,2.6939147802824968,0.7103174603174603,0.6230158730158729,0.0,0.08730158730158731,0.0,0.0,0.0,0.05952380952380953,0.4126984126984127,0.2698412698412698,0.25793650793650796,2.6939147802824968,0.2889188950967893,8.733056723432561,0.17063492063492064,CPPG,42,True,7000,7,2,0,200000000.0,2400000000.0,12000000000.0,"[0.35, 0.85, 0.15]",/home/b502b586/workspaces/vr-streaming/results/ppg-exp,False,True,False,0.35,0.85,0.15
15.774632921052957,0.8123143566587214,1.2757919876096118,0.5328286405412482,2.644793912270574,1.9292611878041441,3.5886519378720276,49.960714268677854,49.70239226522205,50.767482097965676,0.6656234834647615,0.5713818165991041,0.6985862334569295,1.3431600335996,0.9027777777777778,0.2916666666666667,0.0,0.6111111111111112,0.0,0.0,0.0,1.0,0.0,0.0,0.0,1.3431600335996,0.8160106461517221,2.3850727201325004,0.17592592592592593,PPO,42,True,1000,6,2,0,200000000.0,2400000000.0,12000000000.0,"[0.35, 0.85, 0.15]",/home/b502b586/workspaces/vr-streaming/results/ppg-exp,False,True,False,0.35,0.85,0.15
-23.166736995172187,4.0381184481041945,2.046635140304754,0.19640177572612644,4.447904756378075,0.3167976762514287,2.9264361417698397,47.484196962865276,45.206712723879434,50.23623302726553,1.2818507015267095,0.6381366498976699,2.0069240135805946,122.53681836761226,0.6785714285714287,0.5158730158730158,0.007936507936507936,0.15476190476190474,0.007936507936507936,0.0,0.0,0.1468253968253968,0.36904761904761907,0.15476190476190474,0.32142857142857145,122.53681836761226,0.284436,525.8045874932068,0.19047619047619047,EGreedy,42,True,1000,7,2,0,200000000.0,2400000000.0,12000000000.0,"[0.35, 0.85, 0.15]",/home/b502b586/workspaces/vr-streaming/results/ppg-exp,False,True,False,0.35,0.85,0.15
14.425185002562111,0.6470048359205878,1.5269169249565497,0.3112150686311914,1.3323679862779967,0.8624131283543929,2.6170695996463604,47.67049271920166,46.78813300760474,49.117330188278544,1.2435862682781662,0.8750715999415627,1.5007785704873857,2.6618444874868548,0.6006944444444444,0.2916666666666667,0.0,0.3090277777777778,0.0,0.0,0.0,0.32638888888888884,0.13541666666666666,0.19097222222222224,0.3472222222222222,2.6618444874868548,0.21200132649470513,10.590770469389692,0.11805555555555555,CPPG,42,True,8000,8,2,0,200000000.0,2400000000.0,12000000000.0,"[0.35, 0.85, 0.15]",/home/b502b586/workspaces/vr-streaming/results/ppg-exp,False,True,False,0.35,0.85,0.15
14.967208844230235,0.43604239497222264,1.3073296414347815,0.15017878019476705,1.5830404266997744,0.5193516068399999,4.883054605518296,46.970439169146275,45.206712723879434,48.4433700725227,1.4038886285906567,0.9762367678461252,2.0088219165802004,0.2684990839652352,0.9895833333333334,0.1597222222222222,0.0,0.8298611111111112,0.0,0.0,0.003472222222222222,0.0,0.4618055555555556,0.08333333333333333,0.45138888888888884,0.2684990839652352,0.16406789360140087,0.6624741024060732,0.08680555555555555,EGreedy,42,True,1000,8,2,0,200000000.0,2400000000.0,12000000000.0,"[0.35, 0.85, 0.15]",/home/b502b586/workspaces/vr-streaming/results/ppg-exp,False,True,False,0.35,0.85,0.15
14.79194998128799,0.9333680463009256,1.7347773151184824,0.6077898618832769,2.9322853333081866,1.6846463013422077,5.806336092765584,49.960714268677854,49.70239226522205,50.767482097965676,0.6656234834647615,0.5713818165991041,0.6985862334569296,2.944370127389976,0.8730158730158731,0.20238095238095236,0.0,0.6706349206349207,0.0,0.0,0.0,1.0,0.0,0.0,0.0,2.944370127389976,0.868518700358813,4.349451000286032,0.24603174603174602,PPO,42,True,1000,7,2,0,200000000.0,2400000000.0,12000000000.0,"[0.35, 0.85, 0.15]",/home/b502b586/workspaces/vr-streaming/results/ppg-exp,False,True,False,0.35,0.85,0.15
14.642837035204415,0.9967083022621379,1.3446745248933638,0.6077519186184506,2.5304753549642,1.545399412695,4.152755335273515,49.96071426867785,49.70239226522206,50.76748209796567,0.6656234834647614,0.5713818165991041,0.6985862334569295,4.136695482506166,0.6145833333333333,0.1284722222222222,0.0,0.48611111111111116,0.0,0.0,0.0,1.0,0.0,0.0,0.0,4.136695482506166,0.8654775765913355,9.393576166684001,0.4652777777777778,PPO,42,True,1000,8,2,0,200000000.0,2400000000.0,12000000000.0,"[0.35, 0.85, 0.15]",/home/b502b586/workspaces/vr-streaming/results/ppg-exp,False,True,False,0.35,0.85,0.15
